<annotation>
	<folder>n02085620-Chihuahua</folder>
	<filename>n02085620_12101.jpg</filename>
	<path>C:\Users\Asus\Downloads\stanford-dogs-dataset\images\Images\n02085620-Chihuahua\n02085620_12101.jpg</path>
	<source>
		<database>Unknown</database>
	</source>
	<size>
		<width>380</width>
		<height>253</height>
		<depth>3</depth>
	</size>
	<segmented>0</segmented>
	<object>
		<name>chihuahua</name>
		<pose>Unspecified</pose>
		<truncated>1</truncated>
		<difficult>0</difficult>
		<bndbox>
			<xmin>98</xmin>
			<ymin>4</ymin>
			<xmax>346</xmax>
			<ymax>253</ymax>
		</bndbox>
	</object>
</annotation>
