<annotation>
	<folder>n02085620-Chihuahua</folder>
	<filename>n02085620_11238.jpg</filename>
	<path>C:\Users\Asus\Downloads\stanford-dogs-dataset\images\Images\n02085620-Chihuahua\n02085620_11238.jpg</path>
	<source>
		<database>Unknown</database>
	</source>
	<size>
		<width>382</width>
		<height>384</height>
		<depth>3</depth>
	</size>
	<segmented>0</segmented>
	<object>
		<name>chihuahua</name>
		<pose>Unspecified</pose>
		<truncated>0</truncated>
		<difficult>0</difficult>
		<bndbox>
			<xmin>59</xmin>
			<ymin>209</ymin>
			<xmax>153</xmax>
			<ymax>351</ymax>
		</bndbox>
	</object>
	<object>
		<name>chihuahua</name>
		<pose>Unspecified</pose>
		<truncated>0</truncated>
		<difficult>0</difficult>
		<bndbox>
			<xmin>159</xmin>
			<ymin>226</ymin>
			<xmax>228</xmax>
			<ymax>313</ymax>
		</bndbox>
	</object>
	<object>
		<name>chihuahua</name>
		<pose>Unspecified</pose>
		<truncated>0</truncated>
		<difficult>0</difficult>
		<bndbox>
			<xmin>241</xmin>
			<ymin>189</ymin>
			<xmax>364</xmax>
			<ymax>324</ymax>
		</bndbox>
	</object>
</annotation>
