<annotation>
	<folder>n02085620-Chihuahua</folder>
	<filename>n02085620_11818.jpg</filename>
	<path>C:\Users\Asus\Downloads\stanford-dogs-dataset\images\Images\n02085620-Chihuahua\n02085620_11818.jpg</path>
	<source>
		<database>Unknown</database>
	</source>
	<size>
		<width>375</width>
		<height>500</height>
		<depth>3</depth>
	</size>
	<segmented>0</segmented>
	<object>
		<name>chihuahua</name>
		<pose>Unspecified</pose>
		<truncated>0</truncated>
		<difficult>0</difficult>
		<bndbox>
			<xmin>117</xmin>
			<ymin>92</ymin>
			<xmax>307</xmax>
			<ymax>343</ymax>
		</bndbox>
	</object>
</annotation>
