<annotation>
	<folder>n02085620-Chihuahua</folder>
	<filename>n02085620_1073.jpg</filename>
	<path>C:\Users\Asus\Downloads\stanford-dogs-dataset\images\Images\n02085620-Chihuahua\n02085620_1073.jpg</path>
	<source>
		<database>Unknown</database>
	</source>
	<size>
		<width>345</width>
		<height>500</height>
		<depth>3</depth>
	</size>
	<segmented>0</segmented>
	<object>
		<name>chihuahua</name>
		<pose>Unspecified</pose>
		<truncated>1</truncated>
		<difficult>0</difficult>
		<bndbox>
			<xmin>15</xmin>
			<ymin>28</ymin>
			<xmax>319</xmax>
			<ymax>500</ymax>
		</bndbox>
	</object>
</annotation>
